序號,路段,長度(公尺),栓數(栓),來源網址
1,新北市三重區,力行路二段,7,4,http://img.ltn.com.tw/Upload/liveNews/BigPic/600_1484780_1.jpg
2,新北市三重區,三民街,64,7,http://img.ltn.com.tw/Upload/liveNews/BigPic/600_1484780_1.jpg
3,新北市三重區,三光街,41,9,http://img.ltn.com.tw/Upload/liveNews/BigPic/600_1484780_1.jpg
4,新北市三重區,三和路一段,87,9,http://img.ltn.com.tw/Upload/liveNews/BigPic/600_1484780_1.jpg
5,新北市三重區,三和路二段,204,28,http://img.ltn.com.tw/Upload/liveNews/BigPic/600_1484780_1.jpg
6,新北市三重區,三和路三段,288,66,http://img.ltn.com.tw/Upload/liveNews/BigPic/600_1484780_1.jpg
7,新北市三重區,三和路四段,353,44,http://img.ltn.com.tw/Upload/liveNews/BigPic/600_1484780_1.jpg
8,新北市三重區,三張街,43,26,http://img.ltn.com.tw/Upload/liveNews/BigPic/600_1484780_1.jpg
9,新北市三重區,三陽路,42,10,http://img.ltn.com.tw/Upload/liveNews/BigPic/600_1484780_1.jpg
10,新北市三重區,大仁街,7,3,http://img.ltn.com.tw/Upload/liveNews/BigPic/600_1484780_1.jpg
11,新北市三重區,大同北路,99,27,http://img.ltn.com.tw/Upload/liveNews/BigPic/600_1484780_1.jpg
12,新北市三重區,大同南路,1829,199,http://img.ltn.com.tw/Upload/liveNews/BigPic/600_1484780_1.jpg
13,新北市三重區,大智街,92,24,http://img.ltn.com.tw/Upload/liveNews/BigPic/600_1484780_1.jpg
14,新北市三重區,中央北路,776,92,http://img.ltn.com.tw/Upload/liveNews/BigPic/600_1484780_1.jpg
15,新北市三重區,中央南路,114,18,http://img.ltn.com.tw/Upload/liveNews/BigPic/600_1484780_1.jpg
16,新北市三重區,中正南路,398,74,http://img.ltn.com.tw/Upload/liveNews/BigPic/600_1484780_1.jpg
17,新北市三重區,中寮街,16,2,http://img.ltn.com.tw/Upload/liveNews/BigPic/600_1484780_1.jpg
18,新北市三重區,五華街,5,2,http://img.ltn.com.tw/Upload/liveNews/BigPic/600_1484780_1.jpg
19,新北市三重區,仁化街,182,27,http://img.ltn.com.tw/Upload/liveNews/BigPic/600_1484780_1.jpg
20,新北市三重區,仁政街,54,4,http://img.ltn.com.tw/Upload/liveNews/BigPic/600_1484780_1.jpg
21,新北市三重區,仁美街,31,7,http://img.ltn.com.tw/Upload/liveNews/BigPic/600_1484780_1.jpg
22,新北市三重區,仁愛街,71,13,http://img.ltn.com.tw/Upload/liveNews/BigPic/600_1484780_1.jpg
23,新北市三重區,介壽路,84,8,http://img.ltn.com.tw/Upload/liveNews/BigPic/600_1484780_1.jpg
24,新北市三重區,六張街,59,19,http://img.ltn.com.tw/Upload/liveNews/BigPic/600_1484780_1.jpg
25,新北市三重區,分子尾街,31,9,http://img.ltn.com.tw/Upload/liveNews/BigPic/600_1484780_1.jpg
26,新北市三重區,文化北路,88,14,http://img.ltn.com.tw/Upload/liveNews/BigPic/600_1484780_1.jpg
27,新北市三重區,文化南路,51,9,http://img.ltn.com.tw/Upload/liveNews/BigPic/600_1484780_1.jpg
28,新北市三重區,平安街,29,9,http://img.ltn.com.tw/Upload/liveNews/BigPic/600_1484780_1.jpg
29,新北市三重區,正義北路,529,48,http://img.ltn.com.tw/Upload/liveNews/BigPic/600_1484780_1.jpg
30,新北市三重區,正義南路,319,40,http://img.ltn.com.tw/Upload/liveNews/BigPic/600_1484780_1.jpg
31,新北市三重區,正德街,5,1,http://img.ltn.com.tw/Upload/liveNews/BigPic/600_1484780_1.jpg
32,新北市三重區,民生街,57,28,http://img.ltn.com.tw/Upload/liveNews/BigPic/600_1484780_1.jpg
33,新北市三重區,永德街,59,14,http://img.ltn.com.tw/Upload/liveNews/BigPic/600_1484780_1.jpg
34,新北市三重區,光明路,53,9,http://img.ltn.com.tw/Upload/liveNews/BigPic/600_1484780_1.jpg
35,新北市三重區,光興街,85,8,http://img.ltn.com.tw/Upload/liveNews/BigPic/600_1484780_1.jpg
36,新北市三重區,同安東街,38,4,http://img.ltn.com.tw/Upload/liveNews/BigPic/600_1484780_1.jpg
37,新北市三重區,同安街,204,39,http://img.ltn.com.tw/Upload/liveNews/BigPic/600_1484780_1.jpg
38,新北市三重區,安和路,155,21,http://img.ltn.com.tw/Upload/liveNews/BigPic/600_1484780_1.jpg
39,新北市三重區,安慶街,121,30,http://img.ltn.com.tw/Upload/liveNews/BigPic/600_1484780_1.jpg
40,新北市三重區,安興街,10,1,http://img.ltn.com.tw/Upload/liveNews/BigPic/600_1484780_1.jpg
41,新北市三重區,成功路,10,3,http://img.ltn.com.tw/Upload/liveNews/BigPic/600_1484780_1.jpg
42,新北市三重區,自強路一段,8,6,http://img.ltn.com.tw/Upload/liveNews/BigPic/600_1484780_1.jpg
43,新北市三重區,自強路二段,96,20,http://img.ltn.com.tw/Upload/liveNews/BigPic/600_1484780_1.jpg
44,新北市三重區,自強路三段,38,7,http://img.ltn.com.tw/Upload/liveNews/BigPic/600_1484780_1.jpg
45,新北市三重區,自強路五段,229,33,http://img.ltn.com.tw/Upload/liveNews/BigPic/600_1484780_1.jpg
46,新北市三重區,自強路四段,10,2,http://img.ltn.com.tw/Upload/liveNews/BigPic/600_1484780_1.jpg
47,新北市三重區,秀江街,10,5,http://img.ltn.com.tw/Upload/liveNews/BigPic/600_1484780_2.jpg
48,新北市三重區,車路頭街,10,3,http://img.ltn.com.tw/Upload/liveNews/BigPic/600_1484780_2.jpg
49,新北市三重區,忠孝路一段,50,18,http://img.ltn.com.tw/Upload/liveNews/BigPic/600_1484780_2.jpg
50,新北市三重區,忠孝路二段,41,7,http://img.ltn.com.tw/Upload/liveNews/BigPic/600_1484780_2.jpg
51,新北市三重區,忠孝路三段,24,4,http://img.ltn.com.tw/Upload/liveNews/BigPic/600_1484780_2.jpg
52,新北市三重區,明德街,4,1,http://img.ltn.com.tw/Upload/liveNews/BigPic/600_1484780_2.jpg
53,新北市三重區,河邊北街,142,13,http://img.ltn.com.tw/Upload/liveNews/BigPic/600_1484780_2.jpg
54,新北市三重區,長元西街,3,1,http://img.ltn.com.tw/Upload/liveNews/BigPic/600_1484780_2.jpg
55,新北市三重區,長元街,150,22,http://img.ltn.com.tw/Upload/liveNews/BigPic/600_1484780_2.jpg
56,新北市三重區,長生街,65,7,http://img.ltn.com.tw/Upload/liveNews/BigPic/600_1484780_2.jpg
57,新北市三重區,長安街,162,15,http://img.ltn.com.tw/Upload/liveNews/BigPic/600_1484780_2.jpg
58,新北市三重區,長壽西街,149,47,http://img.ltn.com.tw/Upload/liveNews/BigPic/600_1484780_2.jpg
59,新北市三重區,長壽街,217,30,http://img.ltn.com.tw/Upload/liveNews/BigPic/600_1484780_2.jpg
60,新北市三重區,長榮路,170,16,http://img.ltn.com.tw/Upload/liveNews/BigPic/600_1484780_2.jpg
61,新北市三重區,長興街,475,50,http://img.ltn.com.tw/Upload/liveNews/BigPic/600_1484780_2.jpg
62,新北市三重區,信義街,262,45,http://img.ltn.com.tw/Upload/liveNews/BigPic/600_1484780_2.jpg
63,新北市三重區,後竹圍街,29,8,http://img.ltn.com.tw/Upload/liveNews/BigPic/600_1484780_2.jpg
64,新北市三重區,泉州街,536,69,http://img.ltn.com.tw/Upload/liveNews/BigPic/600_1484780_2.jpg
65,新北市三重區,洛陽街,7,2,http://img.ltn.com.tw/Upload/liveNews/BigPic/600_1484780_2.jpg
66,新北市三重區,重安街,59,12,http://img.ltn.com.tw/Upload/liveNews/BigPic/600_1484780_2.jpg
67,新北市三重區,重陽路一段,13,6,http://img.ltn.com.tw/Upload/liveNews/BigPic/600_1484780_2.jpg
68,新北市三重區,重陽路二段,53,10,http://img.ltn.com.tw/Upload/liveNews/BigPic/600_1484780_2.jpg
69,新北市三重區,重陽路四段,143,18,http://img.ltn.com.tw/Upload/liveNews/BigPic/600_1484780_2.jpg
70,新北市三重區,重新路一段,248,17,http://img.ltn.com.tw/Upload/liveNews/BigPic/600_1484780_2.jpg
71,新北市三重區,重新路二段,257,17,http://img.ltn.com.tw/Upload/liveNews/BigPic/600_1484780_2.jpg
72,新北市三重區,重新路三段,218,26,http://img.ltn.com.tw/Upload/liveNews/BigPic/600_1484780_2.jpg
73,新北市三重區,重新路四段,63,9,http://img.ltn.com.tw/Upload/liveNews/BigPic/600_1484780_2.jpg
74,新北市三重區,捷運路,4,4,http://img.ltn.com.tw/Upload/liveNews/BigPic/600_1484780_2.jpg
75,新北市三重區,集英街,88,14,http://img.ltn.com.tw/Upload/liveNews/BigPic/600_1484780_2.jpg
76,新北市三重區,新北大道一段,22,3,http://img.ltn.com.tw/Upload/liveNews/BigPic/600_1484780_2.jpg
77,新北市三重區,溪尾街,23,6,http://img.ltn.com.tw/Upload/liveNews/BigPic/600_1484780_2.jpg
78,新北市三重區,萬全街,17,1,http://img.ltn.com.tw/Upload/liveNews/BigPic/600_1484780_2.jpg
79,新北市三重區,萬壽街,78,14,http://img.ltn.com.tw/Upload/liveNews/BigPic/600_1484780_2.jpg
80,新北市三重區,過圳街,4,1,http://img.ltn.com.tw/Upload/liveNews/BigPic/600_1484780_2.jpg
81,新北市三重區,碧華街,16,4,http://img.ltn.com.tw/Upload/liveNews/BigPic/600_1484780_2.jpg
82,新北市三重區,福裕街,197,17,http://img.ltn.com.tw/Upload/liveNews/BigPic/600_1484780_2.jpg
83,新北市三重區,福德北路,70,12,http://img.ltn.com.tw/Upload/liveNews/BigPic/600_1484780_2.jpg
84,新北市三重區,福德南路,30,9,http://img.ltn.com.tw/Upload/liveNews/BigPic/600_1484780_2.jpg
85,新北市三重區,錦通街,96,14,http://img.ltn.com.tw/Upload/liveNews/BigPic/600_1484780_2.jpg
86,新北市三重區,龍門路,342,29,http://img.ltn.com.tw/Upload/liveNews/BigPic/600_1484780_2.jpg
87,新北市三重區,龍濱路,205,29,http://img.ltn.com.tw/Upload/liveNews/BigPic/600_1484780_2.jpg
88,新北市三重區,環河南路,86,13,http://img.ltn.com.tw/Upload/liveNews/BigPic/600_1484780_2.jpg
89,新北市三重區,雙園街,2,1,http://img.ltn.com.tw/Upload/liveNews/BigPic/600_1484780_2.jpg
90,新北市中和區,大仁街,325,72,http://img.ltn.com.tw/Upload/liveNews/BigPic/600_1484780_2.jpg
91,新北市中和區,大勇街,175,44,http://img.ltn.com.tw/Upload/liveNews/BigPic/600_1484780_2.jpg
92,新北市中和區,大智街,161,33,http://img.ltn.com.tw/Upload/liveNews/BigPic/600_1484780_2.jpg
93,新北市中和區,中山路二段,1581,298,http://img.ltn.com.tw/Upload/liveNews/BigPic/600_1484780_3.jpg
94,新北市中和區,中正路,320,67,http://img.ltn.com.tw/Upload/liveNews/BigPic/600_1484780_3.jpg
95,新北市中和區,中安街,82,22,http://img.ltn.com.tw/Upload/liveNews/BigPic/600_1484780_3.jpg
96,新北市中和區,中和路,582,110,http://img.ltn.com.tw/Upload/liveNews/BigPic/600_1484780_3.jpg
97,新北市中和區,中興街,65,28,http://img.ltn.com.tw/Upload/liveNews/BigPic/600_1484780_3.jpg
98,新北市中和區,仁愛街,28,6,http://img.ltn.com.tw/Upload/liveNews/BigPic/600_1484780_3.jpg
99,新北市中和區,水源路,84,25,http://img.ltn.com.tw/Upload/liveNews/BigPic/600_1484780_3.jpg
100,新北市中和區,四維街,88,11,http://img.ltn.com.tw/Upload/liveNews/BigPic/600_1484780_3.jpg
101,新北市中和區,永和路,37,5,http://img.ltn.com.tw/Upload/liveNews/BigPic/600_1484780_3.jpg
102,新北市中和區,永貞路,14,5,http://img.ltn.com.tw/Upload/liveNews/BigPic/600_1484780_3.jpg
103,新北市中和區,立人街,4,1,http://img.ltn.com.tw/Upload/liveNews/BigPic/600_1484780_3.jpg
104,新北市中和區,光華街,4,2,http://img.ltn.com.tw/Upload/liveNews/BigPic/600_1484780_3.jpg
105,新北市中和區,安平路,267,52,http://img.ltn.com.tw/Upload/liveNews/BigPic/600_1484780_3.jpg
106,新北市中和區,安邦街,13,2,http://img.ltn.com.tw/Upload/liveNews/BigPic/600_1484780_3.jpg
107,新北市中和區,安和路,24,5,http://img.ltn.com.tw/Upload/liveNews/BigPic/600_1484780_3.jpg
108,新北市中和區,安樂路,295,60,http://img.ltn.com.tw/Upload/liveNews/BigPic/600_1484780_3.jpg
109,新北市中和區,成功路,49,15,http://img.ltn.com.tw/Upload/liveNews/BigPic/600_1484780_3.jpg
110,新北市中和區,自立路,53,10,http://img.ltn.com.tw/Upload/liveNews/BigPic/600_1484780_3.jpg
111,新北市中和區,秀朗路三段,289,61,http://img.ltn.com.tw/Upload/liveNews/BigPic/600_1484780_3.jpg
112,新北市中和區,和平街,279,70,http://img.ltn.com.tw/Upload/liveNews/BigPic/600_1484780_3.jpg
113,新北市中和區,宜安路,160,42,http://img.ltn.com.tw/Upload/liveNews/BigPic/600_1484780_3.jpg
114,新北市中和區,忠孝街,117,32,http://img.ltn.com.tw/Upload/liveNews/BigPic/600_1484780_3.jpg
115,新北市中和區,明仁街,12,3,http://img.ltn.com.tw/Upload/liveNews/BigPic/600_1484780_3.jpg
116,新北市中和區,明義街,4,1,http://img.ltn.com.tw/Upload/liveNews/BigPic/600_1484780_3.jpg
117,新北市中和區,明禮街,38,4,http://img.ltn.com.tw/Upload/liveNews/BigPic/600_1484780_3.jpg
118,新北市中和區,枋寮街,216,27,http://img.ltn.com.tw/Upload/liveNews/BigPic/600_1484780_3.jpg
119,新北市中和區,板南路,18,5,http://img.ltn.com.tw/Upload/liveNews/BigPic/600_1484780_3.jpg
120,新北市中和區,信義街,66,19,http://img.ltn.com.tw/Upload/liveNews/BigPic/600_1484780_3.jpg
121,新北市中和區,保健路,428,89,http://img.ltn.com.tw/Upload/liveNews/BigPic/600_1484780_3.jpg
122,新北市中和區,南山路,402,76,http://img.ltn.com.tw/Upload/liveNews/BigPic/600_1484780_3.jpg
123,新北市中和區,南工路,114,26,http://img.ltn.com.tw/Upload/liveNews/BigPic/600_1484780_3.jpg
124,新北市中和區,建三路,6,1,http://img.ltn.com.tw/Upload/liveNews/BigPic/600_1484780_3.jpg
125,新北市中和區,員山路,996,183,http://img.ltn.com.tw/Upload/liveNews/BigPic/600_1484780_3.jpg
126,新北市中和區,泰和街,25,5,http://img.ltn.com.tw/Upload/liveNews/BigPic/600_1484780_3.jpg
127,新北市中和區,捷運路,44,8,http://img.ltn.com.tw/Upload/liveNews/BigPic/600_1484780_3.jpg
128,新北市中和區,莊敬路,801,151,http://img.ltn.com.tw/Upload/liveNews/BigPic/600_1484780_3.jpg
129,新北市中和區,連城路,1597,371,http://img.ltn.com.tw/Upload/liveNews/BigPic/600_1484780_3.jpg
130,新北市中和區,連勝街,20,5,http://img.ltn.com.tw/Upload/liveNews/BigPic/600_1484780_3.jpg
131,新北市中和區,復興路,11,2,http://img.ltn.com.tw/Upload/liveNews/BigPic/600_1484780_3.jpg
132,新北市中和區,景平路,1685,372,http://img.ltn.com.tw/Upload/liveNews/BigPic/600_1484780_3.jpg
133,新北市中和區,景安路,237,77,http://img.ltn.com.tw/Upload/liveNews/BigPic/600_1484780_3.jpg
134,新北市中和區,景新街,2329,425,http://img.ltn.com.tw/Upload/liveNews/BigPic/600_1484780_3.jpg
135,新北市中和區,景新路,6,1,http://img.ltn.com.tw/Upload/liveNews/BigPic/600_1484780_3.jpg
136,新北市中和區,景德路,143,21,http://img.ltn.com.tw/Upload/liveNews/BigPic/600_1484780_3.jpg
137,新北市中和區,華新街,1065,216,http://img.ltn.com.tw/Upload/liveNews/BigPic/600_1484780_3.jpg
138,新北市中和區,圓通路,761,145,http://img.ltn.com.tw/Upload/liveNews/BigPic/600_1484780_3.jpg
139,新北市中和區,新生街,550,109,http://img.ltn.com.tw/Upload/liveNews/BigPic/600_1484780_4.jpg
140,新北市中和區,新興街,76,30,http://img.ltn.com.tw/Upload/liveNews/BigPic/600_1484780_4.jpg
141,新北市中和區,福美路,112,20,http://img.ltn.com.tw/Upload/liveNews/BigPic/600_1484780_4.jpg
142,新北市中和區,廟美街,5,1,http://img.ltn.com.tw/Upload/liveNews/BigPic/600_1484780_4.jpg
143,新北市中和區,興南路一段,641,133,http://img.ltn.com.tw/Upload/liveNews/BigPic/600_1484780_4.jpg
144,新北市中和區,興南路二段,273,50,http://img.ltn.com.tw/Upload/liveNews/BigPic/600_1484780_4.jpg
145,新北市中和區,錦和路,183,37,http://img.ltn.com.tw/Upload/liveNews/BigPic/600_1484780_4.jpg
146,新北市永和區,大新街,406,126,http://img.ltn.com.tw/Upload/liveNews/BigPic/600_1484780_4.jpg
147,新北市永和區,中山路一段,320,94,http://img.ltn.com.tw/Upload/liveNews/BigPic/600_1484780_4.jpg
148,新北市永和區,中正路,1157,309,http://img.ltn.com.tw/Upload/liveNews/BigPic/600_1484780_4.jpg
149,新北市永和區,中和路,174,64,http://img.ltn.com.tw/Upload/liveNews/BigPic/600_1484780_4.jpg
150,新北市永和區,中興街,355,63,http://img.ltn.com.tw/Upload/liveNews/BigPic/600_1484780_4.jpg
151,新北市永和區,仁愛路,250,56,http://img.ltn.com.tw/Upload/liveNews/BigPic/600_1484780_4.jpg
152,新北市永和區,文化路,195,58,http://img.ltn.com.tw/Upload/liveNews/BigPic/600_1484780_4.jpg
153,新北市永和區,水源街,149,31,http://img.ltn.com.tw/Upload/liveNews/BigPic/600_1484780_4.jpg
154,新北市永和區,四維街,5,3,http://img.ltn.com.tw/Upload/liveNews/BigPic/600_1484780_4.jpg
155,新北市永和區,民生路,1,1,http://img.ltn.com.tw/Upload/liveNews/BigPic/600_1484780_4.jpg
156,新北市永和區,民光街,24,9,http://img.ltn.com.tw/Upload/liveNews/BigPic/600_1484780_4.jpg
157,新北市永和區,民享街,69,23,http://img.ltn.com.tw/Upload/liveNews/BigPic/600_1484780_4.jpg
158,新北市永和區,民治街,12,3,http://img.ltn.com.tw/Upload/liveNews/BigPic/600_1484780_4.jpg
159,新北市永和區,民族街,7,2,http://img.ltn.com.tw/Upload/liveNews/BigPic/600_1484780_4.jpg
160,新北市永和區,民樂街,81,8,http://img.ltn.com.tw/Upload/liveNews/BigPic/600_1484780_4.jpg
161,新北市永和區,民權路,18,1,http://img.ltn.com.tw/Upload/liveNews/BigPic/600_1484780_4.jpg
162,新北市永和區,永元路,276,60,http://img.ltn.com.tw/Upload/liveNews/BigPic/600_1484780_4.jpg
163,新北市永和區,永平路,168,53,http://img.ltn.com.tw/Upload/liveNews/BigPic/600_1484780_4.jpg
164,新北市永和區,永安街,75,18,http://img.ltn.com.tw/Upload/liveNews/BigPic/600_1484780_4.jpg
165,新北市永和區,永亨路,144,35,http://img.ltn.com.tw/Upload/liveNews/BigPic/600_1484780_4.jpg
166,新北市永和區,永利路,362,81,http://img.ltn.com.tw/Upload/liveNews/BigPic/600_1484780_4.jpg
167,新北市永和區,永和路一段,353,78,http://img.ltn.com.tw/Upload/liveNews/BigPic/600_1484780_4.jpg
168,新北市永和區,永和路二段,662,186,http://img.ltn.com.tw/Upload/liveNews/BigPic/600_1484780_4.jpg
169,新北市永和區,永貞路,170,38,http://img.ltn.com.tw/Upload/liveNews/BigPic/600_1484780_4.jpg
170,新北市永和區,永寧街,118,51,http://img.ltn.com.tw/Upload/liveNews/BigPic/600_1484780_4.jpg
171,新北市永和區,光復街,134,24,http://img.ltn.com.tw/Upload/liveNews/BigPic/600_1484780_4.jpg
172,新北市永和區,安樂路,548,124,http://img.ltn.com.tw/Upload/liveNews/BigPic/600_1484780_4.jpg
173,新北市永和區,成功路一段,538,97,http://img.ltn.com.tw/Upload/liveNews/BigPic/600_1484780_4.jpg
174,新北市永和區,成功路二段,24,6,http://img.ltn.com.tw/Upload/liveNews/BigPic/600_1484780_4.jpg
175,新北市永和區,竹林路,319,71,http://img.ltn.com.tw/Upload/liveNews/BigPic/600_1484780_4.jpg
176,新北市永和區,自由街,21,5,http://img.ltn.com.tw/Upload/liveNews/BigPic/600_1484780_4.jpg
177,新北市永和區,自強街,93,21,http://img.ltn.com.tw/Upload/liveNews/BigPic/600_1484780_4.jpg
178,新北市永和區,秀安街,50,7,http://img.ltn.com.tw/Upload/liveNews/BigPic/600_1484780_4.jpg
179,新北市永和區,秀朗路一段,382,92,http://img.ltn.com.tw/Upload/liveNews/BigPic/600_1484780_4.jpg
180,新北市永和區,秀朗路二段,376,68,http://img.ltn.com.tw/Upload/liveNews/BigPic/600_1484780_4.jpg
181,新北市永和區,和平街,241,45,http://img.ltn.com.tw/Upload/liveNews/BigPic/600_1484780_4.jpg
182,新北市永和區,忠孝街,78,20,http://img.ltn.com.tw/Upload/liveNews/BigPic/600_1484780_4.jpg
183,新北市永和區,林森路,519,116,http://img.ltn.com.tw/Upload/liveNews/BigPic/600_1484780_4.jpg
184,新北市永和區,信義路,178,25,http://img.ltn.com.tw/Upload/liveNews/BigPic/600_1484780_4.jpg
185,新北市永和區,保平路,577,114,http://img.ltn.com.tw/Upload/liveNews/BigPic/600_1484780_5.jpg
186,新北市永和區,保安路,151,52,http://img.ltn.com.tw/Upload/liveNews/BigPic/600_1484780_5.jpg
187,新北市永和區,保福路一段,140,36,http://img.ltn.com.tw/Upload/liveNews/BigPic/600_1484780_5.jpg
188,新北市永和區,保福路二段,178,59,http://img.ltn.com.tw/Upload/liveNews/BigPic/600_1484780_5.jpg
189,新北市永和區,保福路三段,20,3,http://img.ltn.com.tw/Upload/liveNews/BigPic/600_1484780_5.jpg
190,新北市永和區,保慶街,5,2,http://img.ltn.com.tw/Upload/liveNews/BigPic/600_1484780_5.jpg
191,新北市永和區,國中路,445,93,http://img.ltn.com.tw/Upload/liveNews/BigPic/600_1484780_5.jpg
192,新北市永和區,國光路,56,19,http://img.ltn.com.tw/Upload/liveNews/BigPic/600_1484780_5.jpg
193,新北市永和區,得和路,150,30,http://img.ltn.com.tw/Upload/liveNews/BigPic/600_1484780_5.jpg
194,新北市永和區,博愛街,153,29,http://img.ltn.com.tw/Upload/liveNews/BigPic/600_1484780_5.jpg
195,新北市永和區,復興街,221,41,http://img.ltn.com.tw/Upload/liveNews/BigPic/600_1484780_5.jpg
196,新北市永和區,智光街,25,9,http://img.ltn.com.tw/Upload/liveNews/BigPic/600_1484780_5.jpg
197,新北市永和區,新生路,1088,210,http://img.ltn.com.tw/Upload/liveNews/BigPic/600_1484780_5.jpg
198,新北市永和區,福何路,742,148,http://img.ltn.com.tw/Upload/liveNews/BigPic/600_1484780_5.jpg
199,新北市永和區,豫溪街,451,92,http://img.ltn.com.tw/Upload/liveNews/BigPic/600_1484780_5.jpg
200,新北市永和區,勵行街,286,66,http://img.ltn.com.tw/Upload/liveNews/BigPic/600_1484780_5.jpg
201,新北市永和區,環河西路一段,84,32,http://img.ltn.com.tw/Upload/liveNews/BigPic/600_1484780_5.jpg
202,新北市永和區,環河西路二段,72,25,http://img.ltn.com.tw/Upload/liveNews/BigPic/600_1484780_5.jpg
203,新北市永和區,雙和街,82,27,http://img.ltn.com.tw/Upload/liveNews/BigPic/600_1484780_5.jpg
204,新北市永和區,警光街,177,37,http://img.ltn.com.tw/Upload/liveNews/BigPic/600_1484780_5.jpg
205,新北市新店區,力行路,54,8,http://img.ltn.com.tw/Upload/liveNews/BigPic/600_1484780_5.jpg
206,新北市新店區,三民路,116,41,http://img.ltn.com.tw/Upload/liveNews/BigPic/600_1484780_5.jpg
207,新北市新店區,大同街,4,1,http://img.ltn.com.tw/Upload/liveNews/BigPic/600_1484780_5.jpg
208,新北市新店區,大新街,81,23,http://img.ltn.com.tw/Upload/liveNews/BigPic/600_1484780_5.jpg
209,新北市新店區,大豐路,39,8,http://img.ltn.com.tw/Upload/liveNews/BigPic/600_1484780_5.jpg
210,新北市新店區,中央路,16,3,http://img.ltn.com.tw/Upload/liveNews/BigPic/600_1484780_5.jpg
211,新北市新店區,中正路,299,75,http://img.ltn.com.tw/Upload/liveNews/BigPic/600_1484780_5.jpg
212,新北市新店區,中華路,5,1,http://img.ltn.com.tw/Upload/liveNews/BigPic/600_1484780_5.jpg
213,新北市新店區,中興路一段,75,15,http://img.ltn.com.tw/Upload/liveNews/BigPic/600_1484780_5.jpg
214,新北市新店區,中興路二段,136,26,http://img.ltn.com.tw/Upload/liveNews/BigPic/600_1484780_5.jpg
215,新北市新店區,中興路三段,193,43,http://img.ltn.com.tw/Upload/liveNews/BigPic/600_1484780_5.jpg
216,新北市新店區,五峰路,66,14,http://img.ltn.com.tw/Upload/liveNews/BigPic/600_1484780_5.jpg
217,新北市新店區,文中路,246,32,http://img.ltn.com.tw/Upload/liveNews/BigPic/600_1484780_5.jpg
218,新北市新店區,文化路,206,46,http://img.ltn.com.tw/Upload/liveNews/BigPic/600_1484780_5.jpg
219,新北市新店區,北宜路一段,191,33,http://img.ltn.com.tw/Upload/liveNews/BigPic/600_1484780_5.jpg
220,新北市新店區,北新路一段,79,18,http://img.ltn.com.tw/Upload/liveNews/BigPic/600_1484780_5.jpg
221,新北市新店區,北新路二段,775,172,http://img.ltn.com.tw/Upload/liveNews/BigPic/600_1484780_5.jpg
222,新北市新店區,北新路三段,293,51,http://img.ltn.com.tw/Upload/liveNews/BigPic/600_1484780_5.jpg
223,新北市新店區,民生路,3,1,http://img.ltn.com.tw/Upload/liveNews/BigPic/600_1484780_5.jpg
224,新北市新店區,民族路,39,11,http://img.ltn.com.tw/Upload/liveNews/BigPic/600_1484780_5.jpg
225,新北市新店區,民權路,122,17,http://img.ltn.com.tw/Upload/liveNews/BigPic/600_1484780_5.jpg
226,新北市新店區,永華街,61,12,http://img.ltn.com.tw/Upload/liveNews/BigPic/600_1484780_5.jpg
227,新北市新店區,永新街,58,10,http://img.ltn.com.tw/Upload/liveNews/BigPic/600_1484780_5.jpg
228,新北市新店區,光明街,557,80,http://img.ltn.com.tw/Upload/liveNews/BigPic/600_1484780_5.jpg
229,新北市新店區,安康路一段,6,1,http://img.ltn.com.tw/Upload/liveNews/BigPic/600_1484780_5.jpg
230,新北市新店區,百忍街,30,5,http://img.ltn.com.tw/Upload/liveNews/BigPic/600_1484780_5.jpg
231,新北市新店區,自由街,11,2,http://img.ltn.com.tw/Upload/liveNews/BigPic/600_1484780_6.jpg
232,新北市新店區,行政街,103,26,http://img.ltn.com.tw/Upload/liveNews/BigPic/600_1484780_6.jpg
233,新北市新店區,明德路,463,93,http://img.ltn.com.tw/Upload/liveNews/BigPic/600_1484780_6.jpg
234,新北市新店區,建國路,88,23,http://img.ltn.com.tw/Upload/liveNews/BigPic/600_1484780_6.jpg
235,新北市新店區,建興街,70,20,http://img.ltn.com.tw/Upload/liveNews/BigPic/600_1484780_6.jpg
236,新北市新店區,國校路,123,21,http://img.ltn.com.tw/Upload/liveNews/BigPic/600_1484780_6.jpg
237,新北市新店區,博愛街,20,3,http://img.ltn.com.tw/Upload/liveNews/BigPic/600_1484780_6.jpg
238,新北市新店區,復興路,78,19,http://img.ltn.com.tw/Upload/liveNews/BigPic/600_1484780_6.jpg
239,新北市新店區,華中街,8,1,http://img.ltn.com.tw/Upload/liveNews/BigPic/600_1484780_6.jpg
240,新北市新店區,順安街,65,13,http://img.ltn.com.tw/Upload/liveNews/BigPic/600_1484780_6.jpg
241,新北市新店區,新店後街,437,50,http://img.ltn.com.tw/Upload/liveNews/BigPic/600_1484780_6.jpg
242,新北市新店區,新店路,213,40,http://img.ltn.com.tw/Upload/liveNews/BigPic/600_1484780_6.jpg
243,新北市新店區,福園街,8,1,http://img.ltn.com.tw/Upload/liveNews/BigPic/600_1484780_6.jpg
244,新北市新店區,德正街,200,39,http://img.ltn.com.tw/Upload/liveNews/BigPic/600_1484780_6.jpg
245,新北市新店區,環河路,10,3,http://img.ltn.com.tw/Upload/liveNews/BigPic/600_1484780_6.jpg
246,新北市新店區,檳榔路,89,14,http://img.ltn.com.tw/Upload/liveNews/BigPic/600_1484780_6.jpg
247,新北市新店區,寶中路,151,40,http://img.ltn.com.tw/Upload/liveNews/BigPic/600_1484780_6.jpg
248,新北市新店區,寶元路一段,132,20,http://img.ltn.com.tw/Upload/liveNews/BigPic/600_1484780_6.jpg
249,新北市新店區,寶元路二段,154,41,http://img.ltn.com.tw/Upload/liveNews/BigPic/600_1484780_6.jpg
250,新北市新店區,寶安街,189,44,http://img.ltn.com.tw/Upload/liveNews/BigPic/600_1484780_6.jpg
251,新北市新店區,寶宏路,76,18,http://img.ltn.com.tw/Upload/liveNews/BigPic/600_1484780_6.jpg
252,新北市新店區,寶高路,26,3,http://img.ltn.com.tw/Upload/liveNews/BigPic/600_1484780_6.jpg
253,新北市新店區,寶強路,3,1,http://img.ltn.com.tw/Upload/liveNews/BigPic/600_1484780_6.jpg
254,新北市新店區,寶慶街,60,13,http://img.ltn.com.tw/Upload/liveNews/BigPic/600_1484780_6.jpg
255,新北市新店區,寶橋路,149,55,http://img.ltn.com.tw/Upload/liveNews/BigPic/600_1484780_6.jpg
256,新北市新店區,寶興路,9,1,http://img.ltn.com.tw/Upload/liveNews/BigPic/600_1484780_6.jpg